{
    "description": "项目配置文件",
    "packOptions": {
        "ignore": []
    },
    "setting": {
        "urlCheck": false,
        "es6": true,
        "enhance": true,
        "postcss": true,
        "preloadBackgroundData": false,
        "minified": true,
        "newFeature": false,
        "coverView": true,
        "nodeModules": false,
        "autoAudits": false,
        "showShadowRootInWxmlPanel": true,
        "scopeDataCheck": false,
        "uglifyFileName": false,
        "checkInvalidKey": true,
        "checkSiteMap": true,
        "uploadWithSourceMap": true,
        "compileHotReLoad": true,
        "lazyloadPlaceholderEnable": false,
        "useMultiFrameRuntime": false,
        "useApiHook": false,
        "useApiHostProcess": false,
        "babelSetting": {
            "ignore": [],
            "disablePlugins": [],
            "outputPath": ""
        },
        "enableEngineNative": false,
        "useIsolateContext": true,
        "userConfirmedBundleSwitch": false,
        "packNpmManually": false,
        "packNpmRelationList": [],
        "minifyWXSS": true,
        "disableUseStrict": false,
        "minifyWXML": true,
        "showES6CompileOption": false,
        "useCompilerPlugins": false
    },
    "compileType": "miniprogram",
    "libVersion": "2.17.0",
    "appid": "touristappid",
    "projectname": "mine",
    "isGameTourist": false,
    "simulatorType": "wechat",
    "simulatorPluginLibVersion": {},
    "condition": {
        "search": {
            "list": []
        },
        "conversation": {
            "list": []
        },
        "game": {
            "currentL": -1,
            "list": []
        },
        "plugin": {
            "list": []
        },
        "miniprogram": {
            "list": []
        }
    }
}